#{"t_start": 1789725977.719453, "env_id": "None"}
r,l,t
-7.35,54,1.28813
15.45,415,2.445442
2.05,204,92.864801
4.8,240,93.416548
21.2,492,184.670991
1.2,187,268.736019
1.5,193,269.325046
31.65,500,356.339162
2.0,203,356.826545
10.5,335,445.310292
30.7,500,535.707303
31.65,500,621.41847
31.65,500,709.801739
31.65,500,798.062649
31.65,500,886.113612
18.3,472,974.120154
10.1,327,974.81736
-1.75,147,1063.048017
-3.05,121,1063.279015
-6.35,74,1063.449342
2.1,205,1150.021446
-6.95,62,1150.2281
-7.35,54,1150.352201
-0.9,164,1150.603554
3.35,230,1234.059677
1.4,191,1234.476568
-1.95,143,1234.693278
-2.5,132,1234.904086
-2.05,141,1319.108867
-3.4,114,1319.310662
-2.05,141,1319.596108
-1.85,145,1319.957103
-3.4,114,1405.284476
-2.1,140,1405.528355
-3.1,120,1405.872641
-2.55,131,1406.134353
-2.15,139,1491.597584
-1.7,148,1491.977589
-2.0,142,1492.187269
-3.05,121,1577.461439
-1.35,155,1577.846584
-2.55,131,1578.139508
-1.8,146,1578.408885
-3.35,115,3102.197775
-2.2,138,3102.440885
-1.95,143,3102.594269
1.55,194,3185.381621
-2.65,129,3185.564405
-2.25,137,3185.845628
-0.4,174,3186.18202
-2.0,142,3268.622601
-3.5,112,3268.864681
-1.15,159,3269.103599
-1.95,143,3269.297774
-3.15,119,3356.303113
-2.3,136,3356.479338
-2.95,123,3356.634913
-3.45,113,3356.783404
-2.1,140,18077.495142
-2.8,126,18077.723967
-3.5,112,18077.854417
-1.35,155,18078.034254
-0.9,164,18159.480057
-3.0,122,18159.647558
-2.85,125,18159.822569
-3.65,109,18242.086384
-2.85,125,18242.41227
-2.4,134,18242.724061
-2.6,130,18243.053531
-2.0,142,18326.185672
1.9,201,18326.469098
-2.8,126,18326.633607
-1.55,151,18327.006052
-1.85,145,18407.696966
-2.45,133,18407.942762
-2.75,127,18408.262741
-2.15,139,18491.727247
-3.2,118,18491.938873
-1.35,155,18492.269466
-1.5,152,18492.481463
-2.45,133,18575.187165
-3.0,122,18575.436313
-2.6,130,18575.617374
-2.9,124,18575.766557
-2.8,126,18658.286195
-1.2,158,18658.511881
-1.8,146,18658.859638
2.9,221,18739.939218
-1.9,144,18740.272174
13.35,373,18821.610965
-1.15,159,18821.958502
6.05,265,18822.425009
6.35,271,18903.958549
-1.85,145,18904.229535
31.65,500,18984.669673
5.65,257,19065.295198
31.65,500,19148.135213
-1.55,151,19148.626094
30.7,500,19232.619427
9.6,317,19315.045505
1.3,189,19315.492546
-1.3,156,19315.745248
31.65,500,19397.469473
31.65,500,19480.165009
31.65,500,19562.06884
31.65,500,19645.799546
31.65,500,19731.146517
31.65,500,19818.102198
31.65,500,19903.564014
31.65,500,19992.047731
31.65,500,20076.200613
31.65,500,20165.439874
31.65,500,20252.129314
31.65,500,20337.768506
31.65,500,20424.111449
-6.7,67,20424.260761
31.65,500,20508.817474
31.65,500,20594.645966
31.65,500,20683.233652
12.3,371,20770.173319
14.2,390,20855.183558
14.65,399,20856.18411
-2.1,140,20939.609114
6.05,265,20940.191757
-2.4,134,20940.392764
30.7,500,21022.971991
31.65,500,21107.841653
31.65,500,21191.930244
31.65,500,21275.437209
30.7,500,21361.424295
31.65,500,21448.088211
30.7,500,21531.935381
31.65,500,21617.011449
32.6,500,21700.373629
30.7,500,21783.055286
19.05,468,21866.532416
32.6,500,21949.463464
31.65,500,22031.707956
30.7,500,22115.344017
31.65,500,22199.021571
9.0,305,22282.226174
31.65,500,22366.544454
31.65,500,22450.427843
19.25,472,22451.495722
-2.5,132,22535.523647
31.65,500,22618.864945
31.65,500,22703.448297
31.65,500,22788.055017
31.65,500,22873.058159
30.7,500,22959.55231
31.65,500,23044.990334
31.65,500,23128.886302
31.65,500,23213.106501
31.65,500,23213.967356
30.7,500,23297.899566
31.65,500,23382.561351
31.65,500,23467.481394
30.7,500,23552.256309
31.65,500,23634.483563
31.65,500,23718.633723
31.65,500,23801.810189
31.65,500,23886.589505
16.1,428,23970.050197
-2.5,132,23970.540241
31.65,500,24054.641194
31.65,500,24139.33935
31.65,500,24223.090526
31.65,500,24307.708016
30.7,500,24393.886673
31.65,500,24476.290128
31.65,500,24561.781789
31.65,500,24645.021058
31.65,500,24728.53297
31.65,500,24813.573505
31.65,500,24897.035817
31.65,500,24980.147413
31.65,500,25062.829277
30.7,500,25145.551351
31.65,500,25231.075225
31.65,500,25314.045557
30.7,500,25397.972124
31.65,500,25483.782282
32.6,500,25570.083466
30.7,500,25654.3268
31.65,500,25737.821968
32.6,500,25822.432185
30.7,500,25905.21395
31.65,500,25989.652078
31.65,500,26072.387143
31.65,500,26157.692332
31.65,500,26241.423469
31.65,500,26326.06394
31.65,500,26411.530225
30.7,500,26497.826608
31.65,500,26583.584589
31.65,500,26668.765957
31.65,500,26755.635156
31.65,500,26842.336181
31.65,500,26928.807497
31.65,500,27013.42913
31.65,500,27098.239975
31.65,500,27099.349243
30.7,500,27184.916295
31.65,500,27269.998636
31.65,500,27355.230071
30.7,500,27441.117952
31.65,500,27525.819322
31.65,500,27612.027661
31.65,500,27697.854747
12.5,356,27783.99587
31.65,500,27870.850934
-6.55,70,27870.994041
31.65,500,27957.355035
31.65,500,28041.157859
32.6,500,28127.359588
31.65,500,28212.962843
32.6,500,28301.48989
31.65,500,28387.889946
31.65,500,28469.590475
31.65,500,28551.408022
32.6,500,28633.957403
31.65,500,28715.904882
32.6,500,28797.808044
31.65,500,28880.373712
31.65,500,28962.999977
31.65,500,29044.439656
31.65,500,29127.659408
30.7,500,29210.990433
31.65,500,29293.53123
31.65,500,29376.960513
31.65,500,29459.699312
31.65,500,29544.777687
31.65,500,29635.623916
30.7,500,29728.819852
31.65,500,29815.221843
31.65,500,29901.414541
31.65,500,29986.910622
31.65,500,30072.481818
31.65,500,30157.493967
31.65,500,30158.4882
31.65,500,30242.689713
31.65,500,30326.510909
32.6,500,30409.256598
31.65,500,30494.066555
31.65,500,30577.237492
31.65,500,30663.398558
31.65,500,30752.736726
31.65,500,30835.237186
31.65,500,30917.493685
31.65,500,30999.821437
30.7,500,31084.314757
31.65,500,31169.795545
30.7,500,31256.619604
31.65,500,31342.203659
30.7,500,31433.745938
31.65,500,31519.954682
31.65,500,31603.183408
31.65,500,31690.274011
-7.05,60,31690.390753
31.65,500,31777.002732
32.6,500,31860.893687
30.7,500,31947.036875
31.65,500,32032.080645
31.65,500,32116.155192
31.65,500,32200.763306
31.65,500,32285.463564
32.6,500,32368.82237
31.65,500,32454.052867
31.65,500,32536.059792
30.7,500,32619.676144
31.65,500,32703.86166
30.7,500,32792.258233
31.65,500,32880.560765
31.65,500,32965.95616
31.65,500,33049.011827
31.65,500,33133.651954
30.7,500,33219.181068
31.65,500,33302.845734
31.65,500,33387.217189
30.7,500,33470.326638
31.65,500,33554.558035
31.65,500,33638.633821
31.65,500,33722.743883
31.65,500,33808.449811
32.6,500,33894.634449
31.65,500,33981.227982
-7.0,61,33981.433374
31.65,500,34070.799538
31.65,500,34157.779882
31.65,500,34244.707299
31.65,500,34328.671983
31.65,500,34415.998083
31.65,500,34502.953274
31.65,500,34589.592024
32.6,500,34590.670579
31.65,500,34676.252481
31.65,500,34762.305484
30.7,500,34849.938649
31.65,500,34937.649162
30.7,500,35024.555546
31.65,500,35111.251945
31.65,500,35198.653949
32.6,500,35284.08777
30.7,500,35369.107154
32.6,500,35454.126683
31.65,500,35542.160159
32.6,500,35630.402731
31.65,500,35719.276853
30.7,500,35805.929575
-7.15,58,35806.036512
31.65,500,35893.27915
31.65,500,35980.574266
31.65,500,36066.958108
31.65,500,36153.073115
31.65,500,36238.964546
32.6,500,36324.557796
31.65,500,36410.897573
31.65,500,36496.771632
31.65,500,36583.49877
31.65,500,36669.918847
31.65,500,36756.125942
31.65,500,36841.382945
31.65,500,36928.025352
31.65,500,37014.281182
31.65,500,37099.712192
31.65,500,37185.123578
-6.25,76,37185.234511
31.65,500,37270.241876
32.6,500,37355.601722
30.7,500,37443.041655
31.65,500,37527.610738
31.65,500,37613.789039
31.65,500,37699.333944
30.7,500,37785.746281
30.7,500,37872.567475
31.65,500,37958.066735
31.65,500,38044.200148
31.65,500,38129.908571
31.65,500,38216.051808
31.65,500,38300.157115
31.65,500,38385.620839
-6.95,62,38385.778235
31.65,500,38471.93162
31.65,500,38556.670833
31.65,500,38642.7378
31.65,500,38728.060183
31.65,500,38814.060979
32.6,500,38899.228147
32.6,500,38984.369431
31.65,500,39071.020542
31.65,500,39158.826122
-7.0,61,39158.990637
31.65,500,39242.799328
31.65,500,39330.246887
31.65,500,39414.861834
31.65,500,39502.429246
31.65,500,39588.71495
31.65,500,39674.388376
31.65,500,39762.201927
31.65,500,39845.630098
31.65,500,39931.500856
31.65,500,40016.232511
31.65,500,40017.282537
30.7,500,40101.798475
31.65,500,40188.769322
31.65,500,40273.258929
31.65,500,40359.639766
31.65,500,40446.381375
32.6,500,40532.839329
30.7,500,40618.196836
31.65,500,40704.250095
31.65,500,40789.797981
31.65,500,40876.737196
31.65,500,40964.321135
