#{"t_start": 1789919800.896191, "env_id": "None"}
r,l,t
-2.5,132,3.836866
-3.3,116,4.049051
-2.0,142,4.308618
1.85,200,33.88467
-2.6,130,34.122907
-3.1,120,34.344036
10.0,325,63.898039
-6.05,80,64.045147
3.2,227,64.463665
-7.35,54,64.562632
4.6,236,93.961757
-2.95,123,94.187861
-7.35,54,94.286961
-7.25,56,94.389522
-2.25,137,123.735268
-7.2,57,123.841282
-6.8,65,123.960831
13.1,387,153.711239
-3.15,119,153.929928
-2.75,127,154.162051
18.3,453,184.020412
-6.0,81,184.168259
1.75,198,214.065819
1.65,196,214.640819
-2.6,130,214.924474
-7.05,60,215.035338
-7.3,55,215.135905
-1.05,161,244.871921
6.5,274,245.374878
20.2,491,275.461885
-2.15,139,304.823919
8.55,296,305.368218
13.15,369,335.260134
0.95,182,335.594471
-2.35,135,335.848651
-6.7,67,365.055442
-1.25,157,365.344513
-6.7,67,365.467919
-2.95,123,365.694914
-6.9,63,365.816692
-6.85,64,365.934436
6.55,275,395.581892
-6.7,67,395.708015
9.7,319,425.418214
2.25,208,425.805362
3.4,231,455.426411
31.65,500,485.451019
-2.4,134,485.700325
-2.9,124,485.934535
-3.4,114,486.143428
-6.55,70,486.272164
-5.9,83,515.669874
-7.4,53,515.773887
5.15,247,516.22883
6.15,267,546.022341
19.2,471,576.082129
0.9,181,576.416265
-6.15,78,576.5598
16.6,438,606.747355
19.75,482,636.94471
9.2,309,666.687941
2.05,204,667.06298
-2.7,128,667.297834
10.55,336,697.168006
-6.6,69,697.294019
30.7,500,727.390017
31.65,500,757.457156
-3.15,119,757.676488
-2.6,130,757.915962
15.35,413,787.906261
9.85,322,817.629266
-2.1,140,817.888471
1.7,197,847.638929
2.15,206,848.01696
31.65,500,878.235671
1.2,187,878.579677
9.6,317,908.457244
-6.95,62,908.571118
18.4,455,938.620979
18.0,447,968.708985
-1.05,161,969.005178
-6.5,71,969.13582
-6.2,77,969.2776
8.5,314,999.039526
32.6,500,1029.145561
6.8,280,1058.873187
-1.95,143,1059.137176
14.85,403,1089.062665
-2.65,129,1089.300276
11.35,352,1119.169232
-6.6,69,1119.29665
-2.85,125,1119.52553
5.75,259,1120.001111
-6.1,79,1149.413268
-3.45,113,1149.62061
5.7,258,1150.094816
1.95,202,1179.703675
13.95,385,1180.410956
15.15,409,1210.348153
1.7,197,1239.85149
-6.85,64,1239.968976
1.3,189,1240.319906
-6.35,74,1240.456275
-5.85,84,1240.611529
30.7,500,1270.658453
30.7,500,1300.813909
31.65,500,1330.896976
1.3,189,1360.419512
0.15,166,1360.7319
9.85,322,1390.509909
2.3,209,1390.902623
-2.3,136,1391.151858
31.65,500,1421.285286
-2.05,141,1450.813068
31.65,500,1481.048037
-3.15,119,1481.268215
-7.3,55,1481.369487
13.15,369,1511.23136
6.4,272,1511.736441
30.7,500,1541.922843
11.7,359,1571.83159
1.95,202,1572.20238
31.65,500,1602.454679
-1.15,159,1631.874696
4.8,240,1632.313055
30.7,500,1662.484297
-1.95,143,1662.747454
-7.0,61,1662.860573
-6.7,67,1692.2022
31.65,500,1693.120758
30.7,500,1723.293367
10.9,343,1753.15555
31.65,500,1783.579224
32.6,500,1813.967419
30.7,500,1844.123122
31.65,500,1874.168622
31.65,500,1904.31
31.65,500,1934.543023
31.65,500,1964.73953
30.7,500,1994.912495
-7.3,55,1995.015
31.65,500,2025.267024
31.65,500,2055.721128
30.7,500,2086.088632
31.65,500,2116.594049
31.65,500,2146.850744
31.65,500,2177.029556
2.1,205,2177.409462
30.7,500,2207.62937
31.65,500,2238.024601
30.7,500,2268.404071
30.7,500,2298.657835
30.7,500,2328.960266
6.6,276,2359.107084
31.65,500,2389.361429
31.65,500,2419.664531
31.65,500,2449.983909
31.65,500,2480.009349
31.65,500,2510.532813
31.65,500,2540.664854
30.7,500,2570.796911
31.65,500,2600.983807
30.7,500,2631.233618
30.7,500,2632.158269
31.65,500,2662.254894
31.65,500,2692.503749
32.6,500,2722.759654
31.65,500,2753.146976
31.65,500,2783.271694
31.65,500,2813.418694
31.65,500,2843.50927
-6.5,71,2843.640503
31.65,500,2873.793489
31.65,500,2903.992344
31.65,500,2934.228487
30.7,500,2964.546131
31.65,500,2994.855158
31.65,500,3025.387222
31.65,500,3055.561126
32.6,500,3085.653088
32.6,500,3115.819052
30.7,500,3146.061806
30.7,500,3176.359012
10.15,328,3206.243814
31.65,500,3236.358964
30.7,500,3266.516418
30.7,500,3296.684295
31.65,500,3326.761159
31.65,500,3356.946867
31.65,500,3387.286242
30.7,500,3417.447734
31.65,500,3447.639404
31.65,500,3477.755106
31.65,500,3507.939453
31.65,500,3538.071401
31.65,500,3568.231809
32.6,500,3598.697185
-7.15,58,3598.805907
31.65,500,3629.15934
31.65,500,3659.275198
31.65,500,3689.466133
31.65,500,3719.699942
31.65,500,3749.929478
31.65,500,3780.156827
31.65,500,3810.38122
31.65,500,3811.321636
31.65,500,3841.646016
30.7,500,3871.922653
31.65,500,3902.115822
31.65,500,3932.271855
31.65,500,3962.432298
31.65,500,3992.695917
31.65,500,4022.785201
31.65,500,4052.864042
31.65,500,4082.959358
30.7,500,4113.102778
31.65,500,4143.212205
31.65,500,4173.307548
31.65,500,4203.421591
31.65,500,4233.461303
32.6,500,4263.527086
31.65,500,4293.693774
31.65,500,4323.860171
31.65,500,4354.059514
31.65,500,4384.140675
31.65,500,4414.268739
31.65,500,4444.42439
31.65,500,4474.587143
31.65,500,4504.827369
30.7,500,4535.175488
31.65,500,4565.427321
30.7,500,4595.597579
31.65,500,4625.713746
31.65,500,4655.886185
31.65,500,4685.975595
31.65,500,4716.110394
30.7,500,4746.388628
14.95,405,4776.620868
31.65,500,4806.810916
31.65,500,4807.744231
31.65,500,4837.825272
30.7,500,4867.98905
31.65,500,4898.151858
31.65,500,4928.366254
31.65,500,4958.602818
31.65,500,4988.644909
31.65,500,5018.745441
31.65,500,5049.04284
31.65,500,5079.219079
31.65,500,5109.267226
30.7,500,5139.425694
31.65,500,5169.523437
32.6,500,5199.656883
31.65,500,5229.807686
31.65,500,5259.928984
31.65,500,5290.022899
31.65,500,5320.179283
14.95,405,5350.201418
31.65,500,5380.414198
31.65,500,5410.804506
21.6,500,5441.118644
6.6,276,5441.628821
31.65,500,5471.846493
20.55,479,5501.948707
31.65,500,5532.036561
31.65,500,5562.150449
32.6,500,5592.236171
-1.8,146,5592.503587
31.65,500,5622.705934
31.65,500,5652.905808
31.65,500,5683.474744
31.65,500,5713.90203
31.65,500,5744.111971
31.65,500,5774.212206
30.7,500,5804.380655
30.7,500,5834.544474
31.65,500,5864.636084
31.65,500,5894.912076
31.65,500,5925.385345
31.65,500,5955.649265
31.65,500,5985.844909
31.65,500,6015.992715
31.65,500,6046.370524
30.7,500,6076.487224
32.6,500,6106.65174
31.65,500,6136.770781
31.65,500,6166.931916
32.6,500,6197.128984
31.65,500,6227.332707
31.65,500,6257.604321
31.65,500,6287.900042
31.65,500,6318.156224
31.65,500,6348.405586
31.65,500,6378.578968
31.65,500,6408.802153
31.65,500,6439.117783
31.65,500,6469.205335
30.7,500,6499.320646
31.65,500,6529.492505
32.6,500,6559.689902
31.65,500,6589.902177
31.65,500,6620.038933
31.65,500,6650.241509
31.65,500,6680.440889
31.65,500,6710.542419
31.65,500,6740.661822
32.6,500,6770.878503
32.6,500,6801.079189
31.65,500,6831.393184
30.7,500,6832.326792
31.65,500,6862.55649
30.7,500,6892.841683
32.6,500,6922.974154
30.7,500,6953.186013
31.65,500,6983.351442
31.65,500,7013.49214
30.7,500,7043.622947
31.65,500,7073.804991
31.65,500,7104.068779
31.65,500,7134.366314
31.65,500,7164.612938
30.7,500,7194.783472
31.65,500,7224.914743
31.65,500,7255.090096
31.65,500,7285.241508
31.65,500,7315.526859
31.65,500,7345.721296
32.6,500,7375.897043
31.65,500,7406.044037
30.7,500,7436.251904
31.65,500,7466.470515
31.65,500,7496.678955
31.65,500,7526.947997
31.65,500,7556.98113
31.65,500,7587.156228
31.65,500,7617.312549
31.65,500,7647.453248
31.65,500,7677.560692
31.65,500,7707.738571
30.7,500,7737.923471
30.7,500,7768.057278
31.65,500,7798.160993
30.7,500,7828.270322
31.65,500,7858.48675
31.65,500,7888.686715
30.7,500,7918.926577
31.65,500,7949.198094
31.65,500,7979.338451
30.7,500,8009.51627
31.65,500,8039.743336
31.65,500,8069.885189
31.65,500,8100.017156
31.65,500,8100.937293
31.65,500,8131.10929
16.1,428,8161.119809
31.65,500,8191.318414
32.6,500,8221.557362
31.65,500,8251.696242
32.6,500,8281.840439
31.65,500,8312.120264
31.65,500,8342.262634
31.65,500,8372.487211
31.65,500,8402.642048
31.65,500,8432.785018
31.65,500,8462.93217
31.65,500,8493.292426
31.65,500,8523.490873
31.65,500,8553.611442
31.65,500,8583.773283
32.6,500,8613.979705
31.65,500,8644.227734
31.65,500,8674.519278
31.65,500,8704.663411
31.65,500,8734.804903
32.6,500,8764.896525
31.65,500,8795.095644
31.65,500,8825.204391
